Country,2007,2008,2009,2010,2011,2012,2013,2014,2015,2016,CODE
Total,"48,218","60,107","74,602","73,293","56,384","58,179","69,909","69,975","69,920","84,989",NA
Afghanistan,441,576,349,515,428,481,661,753,910,"2,737",AFG
Armenia,29,9,4,D,15,8,3,10,49,55,ARM
Azerbaijan,78,30,38,18,16,10,3,15,18,32,AZE
Belarus,219,111,146,103,66,83,10,46,98,185,BLR
Bhutan,-,"5,320","13,452","12,363","14,999","15,070","9,134","8,434","5,775","5,817",BTN
Burma,"13,896","18,139","18,202","16,693","16,972","14,160","16,299","14,598","18,386","12,347",MMR
Burundi,"4,545","2,889",762,530,110,186,193,68,"1,186",694,BDI
Cambodia,15,8,15,9,5,6,30,44,-,18,KHM
Cameroon,5,D,4,6,-,7,-,5,8,14,CMR
Central African Republic,15,56,59,45,182,136,318,25,270,401,CAF
Chad,10,23,6,28,25,12,32,21,16,D,TCD
"China, People's Republic",27,50,54,72,28,54,101,53,30,58,CHN
Colombia,54,94,57,123,46,126,230,252,521,529,COL
"Congo, Democratic Republic",848,727,"1,135","3,174",977,"1,863","2,563","4,540","7,876","16,370",COD
"Congo, Republic",206,197,293,154,27,102,161,30,52,16,COG
Cote d'Ivoire,11,30,9,4,7,33,20,42,28,79,CIV
Cuba,"2,922","4,177","4,800","4,818","2,920","1,948","4,205","4,062","1,527",354,CUB
Egypt,3,5,7,15,6,13,3,21,13,21,EGY
El Salvador,-,-,-,-,-,-,-,-,-,364,SLV
Equatorial Guinea,14,-,9,9,-,-,-,-,D,-,GNQ
Eritrea,963,251,"1,571","2,570","2,032","1,346","1,824","1,488","1,596","1,949",ERI
Ethiopia,"1,028",299,321,668,560,620,765,728,626,"1,131",ETH
Gambia,13,6,10,10,7,D,11,D,3,-,GMB
Georgia,7,20,4,4,20,7,D,13,9,16,GEO
Haiti,-,-,-,18,-,-,-,4,-,-,HTI
Honduras,-,-,-,20,5,-,-,-,-,84,HND
Iran,"5,482","5,270","5,381","3,543","2,032","1,758","2,579","2,846","3,109","3,750",IRN
Iraq,"1,608","13,822","18,838","18,016","9,388","12,163","19,487","19,769","12,676","9,880",IRQ
Jordan,3,-,-,7,D,3,13,7,D,6,JOR
Kazakhstan,45,62,52,46,53,7,11,24,58,91,KAZ
Kenya,-,-,D,-,D,23,5,21,3,6,KEN
"Korea, North",22,37,25,8,23,22,17,8,15,14,PRK
Kuwait,24,D,7,40,5,3,12,12,4,D,KWT
Kyrgyzstan,17,25,46,27,30,49,19,8,17,40,KGZ
Laos,117,59,14,36,211,21,-,-,-,7,LAO
Latvia,17,6,D,-,4,-,-,-,-,-,LVA
Liberia,"1,606",992,385,244,121,69,94,31,12,16,LBR
Mauritania,62,26,16,74,3,-,-,4,-,-,MRT
Moldova,565,487,445,356,331,255,119,142,333,465,MDA
Nepal,3,4,7,-,10,47,34,47,26,33,NPL
Nigeria,20,76,3,D,D,D,D,4,4,7,NGA
Pakistan,30,104,67,59,54,274,158,240,159,545,PAK
Russia,"1,773",426,495,326,165,197,125,139,281,462,RUS
Rwanda,202,108,111,230,74,157,139,45,173,140,RWA
Senegal,-,D,-,D,D,5,D,-,4,16,SEN
Sierra Leone,166,99,51,54,28,D,4,6,6,3,SLE
Somalia,"6,969","2,523","4,189","4,884","3,161","4,911","7,608","9,000","8,858","9,020",SOM
South Sudan,X,X,X,X,-,D,17,57,79,189,SSD
Sri Lanka,D,D,33,118,69,55,92,57,89,91,LKA
Sudan,705,375,683,558,334,"1,077","2,160","1,315","1,578","1,458",SDN
Syria,17,24,25,25,29,31,36,105,"1,682","12,587",SYR
Tajikistan,-,D,-,3,-,-,D,-,-,17,TJK
Togo,40,204,14,9,5,26,18,26,D,19,TGO
Uganda,38,42,8,30,10,18,15,5,67,65,UGA
Ukraine,"1,605","1,022",601,449,428,372,227,490,"1,451","2,543",UKR
Uzbekistan,190,134,152,185,96,140,51,69,43,41,UZB
Vietnam,"1,500","1,112","1,486",873,79,41,69,67,22,52,VNM
Yemen,6,-,47,15,-,-,12,D,16,26,YEM
Zimbabwe,D,3,10,7,8,3,12,D,7,11,ZWE
All other countries 1,34,32,36,44,38,27,39,33,47,64,NA
Unknown 2,-,9,65,"1,053",136,148,164,141,99,50,NA
Albania,0,0,0,0,0,0,0,0,0,0,ALB
Algeria,0,0,0,0,0,0,0,0,0,0,DZA
American Samoa,0,0,0,0,0,0,0,0,0,0,ASM
Andorra,0,0,0,0,0,0,0,0,0,0,AND
Angola,0,0,0,0,0,0,0,0,0,0,AGO
Anguilla,0,0,0,0,0,0,0,0,0,0,AIA
Antigua and Barbuda,0,0,0,0,0,0,0,0,0,0,ATG
Argentina,0,0,0,0,0,0,0,0,0,0,ARG
Aruba,0,0,0,0,0,0,0,0,0,0,ABW
Australia,0,0,0,0,0,0,0,0,0,0,AUS
Austria,0,0,0,0,0,0,0,0,0,0,AUT
"Bahamas, The",0,0,0,0,0,0,0,0,0,0,BHM
Bahrain,0,0,0,0,0,0,0,0,0,0,BHR
Bangladesh,0,0,0,0,0,0,0,0,0,0,BGD
Barbados,0,0,0,0,0,0,0,0,0,0,BRB
Belgium,0,0,0,0,0,0,0,0,0,0,BEL
Belize,0,0,0,0,0,0,0,0,0,0,BLZ
Benin,0,0,0,0,0,0,0,0,0,0,BEN
Bermuda,0,0,0,0,0,0,0,0,0,0,BMU
Bolivia,0,0,0,0,0,0,0,0,0,0,BOL
Bosnia and Herzegovina,0,0,0,0,0,0,0,0,0,0,BIH
Botswana,0,0,0,0,0,0,0,0,0,0,BWA
Brazil,0,0,0,0,0,0,0,0,0,0,BRA
British Virgin Islands,0,0,0,0,0,0,0,0,0,0,VGB
Brunei,0,0,0,0,0,0,0,0,0,0,BRN
Bulgaria,0,0,0,0,0,0,0,0,0,0,BGR
Burkina Faso,0,0,0,0,0,0,0,0,0,0,BFA
Cabo Verde,0,0,0,0,0,0,0,0,0,0,CPV
Canada,0,0,0,0,0,0,0,0,0,0,CAN
Cayman Islands,0,0,0,0,0,0,0,0,0,0,CYM
Chile,0,0,0,0,0,0,0,0,0,0,CHL
Comoros,0,0,0,0,0,0,0,0,0,0,COM
Cook Islands,0,0,0,0,0,0,0,0,0,0,COK
Costa Rica,0,0,0,0,0,0,0,0,0,0,CRI
Croatia,0,0,0,0,0,0,0,0,0,0,HRV
Curacao,0,0,0,0,0,0,0,0,0,0,CUW
Cyprus,0,0,0,0,0,0,0,0,0,0,CYP
Czech Republic,0,0,0,0,0,0,0,0,0,0,CZE
Denmark,0,0,0,0,0,0,0,0,0,0,DNK
Djibouti,0,0,0,0,0,0,0,0,0,0,DJI
Dominica,0,0,0,0,0,0,0,0,0,0,DMA
Dominican Republic,0,0,0,0,0,0,0,0,0,0,DOM
Ecuador,0,0,0,0,0,0,0,0,0,0,ECU
Estonia,0,0,0,0,0,0,0,0,0,0,EST
Falkland Islands (Islas Malvinas),0,0,0,0,0,0,0,0,0,0,FLK
Faroe Islands,0,0,0,0,0,0,0,0,0,0,FRO
Fiji,0,0,0,0,0,0,0,0,0,0,FJI
Finland,0,0,0,0,0,0,0,0,0,0,FIN
France,0,0,0,0,0,0,0,0,0,0,FRA
French Polynesia,0,0,0,0,0,0,0,0,0,0,PYF
Gabon,0,0,0,0,0,0,0,0,0,0,GAB
Germany,0,0,0,0,0,0,0,0,0,0,DEU
Ghana,0,0,0,0,0,0,0,0,0,0,GHA
Gibraltar,0,0,0,0,0,0,0,0,0,0,GIB
Greece,0,0,0,0,0,0,0,0,0,0,GRC
Greenland,0,0,0,0,0,0,0,0,0,0,GRL
Grenada,0,0,0,0,0,0,0,0,0,0,GRD
Guam,0,0,0,0,0,0,0,0,0,0,GUM
Guatemala,0,0,0,0,0,0,0,0,0,0,GTM
Guernsey,0,0,0,0,0,0,0,0,0,0,GGY
Guinea-Bissau,0,0,0,0,0,0,0,0,0,0,GNB
Guinea,0,0,0,0,0,0,0,0,0,0,GIN
Guyana,0,0,0,0,0,0,0,0,0,0,GUY
Hong Kong,0,0,0,0,0,0,0,0,0,0,HKG
Hungary,0,0,0,0,0,0,0,0,0,0,HUN
Iceland,0,0,0,0,0,0,0,0,0,0,ISL
India,0,0,0,0,0,0,0,0,0,0,IND
Indonesia,0,0,0,0,0,0,0,0,0,0,IDN
Ireland,0,0,0,0,0,0,0,0,0,0,IRL
Isle of Man,0,0,0,0,0,0,0,0,0,0,IMN
Israel,0,0,0,0,0,0,0,0,0,0,ISR
Italy,0,0,0,0,0,0,0,0,0,0,ITA
Jamaica,0,0,0,0,0,0,0,0,0,0,JAM
Japan,0,0,0,0,0,0,0,0,0,0,JPN
Jersey,0,0,0,0,0,0,0,0,0,0,JEY
Kiribati,0,0,0,0,0,0,0,0,0,0,KIR
"Korea, South",0,0,0,0,0,0,0,0,0,0,KOR
Kosovo,0,0,0,0,0,0,0,0,0,0,KSV
Lebanon,0,0,0,0,0,0,0,0,0,0,LBN
Lesotho,0,0,0,0,0,0,0,0,0,0,LSO
Libya,0,0,0,0,0,0,0,0,0,0,LBY
Liechtenstein,0,0,0,0,0,0,0,0,0,0,LIE
Lithuania,0,0,0,0,0,0,0,0,0,0,LTU
Luxembourg,0,0,0,0,0,0,0,0,0,0,LUX
Macau,0,0,0,0,0,0,0,0,0,0,MAC
Macedonia,0,0,0,0,0,0,0,0,0,0,MKD
Madagascar,0,0,0,0,0,0,0,0,0,0,MDG
Malawi,0,0,0,0,0,0,0,0,0,0,MWI
Malaysia,0,0,0,0,0,0,0,0,0,0,MYS
Maldives,0,0,0,0,0,0,0,0,0,0,MDV
Mali,0,0,0,0,0,0,0,0,0,0,MLI
Malta,0,0,0,0,0,0,0,0,0,0,MLT
Marshall Islands,0,0,0,0,0,0,0,0,0,0,MHL
Mauritius,0,0,0,0,0,0,0,0,0,0,MUS
Mexico,0,0,0,0,0,0,0,0,0,0,MEX
"Micronesia, Federated States of",0,0,0,0,0,0,0,0,0,0,FSM
Monaco,0,0,0,0,0,0,0,0,0,0,MCO
Mongolia,0,0,0,0,0,0,0,0,0,0,MNG
Montenegro,0,0,0,0,0,0,0,0,0,0,MNE
Morocco,0,0,0,0,0,0,0,0,0,0,MAR
Mozambique,0,0,0,0,0,0,0,0,0,0,MOZ
Namibia,0,0,0,0,0,0,0,0,0,0,NAM
Netherlands,0,0,0,0,0,0,0,0,0,0,NLD
New Caledonia,0,0,0,0,0,0,0,0,0,0,NCL
New Zealand,0,0,0,0,0,0,0,0,0,0,NZL
Nicaragua,0,0,0,0,0,0,0,0,0,0,NIC
Niger,0,0,0,0,0,0,0,0,0,0,NER
Niue,0,0,0,0,0,0,0,0,0,0,NIU
Northern Mariana Islands,0,0,0,0,0,0,0,0,0,0,MNP
Norway,0,0,0,0,0,0,0,0,0,0,NOR
Oman,0,0,0,0,0,0,0,0,0,0,OMN
Palau,0,0,0,0,0,0,0,0,0,0,PLW
Panama,0,0,0,0,0,0,0,0,0,0,PAN
Papua New Guinea,0,0,0,0,0,0,0,0,0,0,PNG
Paraguay,0,0,0,0,0,0,0,0,0,0,PRY
Peru,0,0,0,0,0,0,0,0,0,0,PER
Philippines,0,0,0,0,0,0,0,0,0,0,PHL
Poland,0,0,0,0,0,0,0,0,0,0,POL
Portugal,0,0,0,0,0,0,0,0,0,0,PRT
Puerto Rico,0,0,0,0,0,0,0,0,0,0,PRI
Qatar,0,0,0,0,0,0,0,0,0,0,QAT
Romania,0,0,0,0,0,0,0,0,0,0,ROU
Saint Kitts and Nevis,0,0,0,0,0,0,0,0,0,0,KNA
Saint Lucia,0,0,0,0,0,0,0,0,0,0,LCA
Saint Martin,0,0,0,0,0,0,0,0,0,0,MAF
Saint Pierre and Miquelon,0,0,0,0,0,0,0,0,0,0,SPM
Saint Vincent and the Grenadines,0,0,0,0,0,0,0,0,0,0,VCT
Samoa,0,0,0,0,0,0,0,0,0,0,WSM
San Marino,0,0,0,0,0,0,0,0,0,0,SMR
Sao Tome and Principe,0,0,0,0,0,0,0,0,0,0,STP
Saudi Arabia,0,0,0,0,0,0,0,0,0,0,SAU
Serbia,0,0,0,0,0,0,0,0,0,0,SRB
Seychelles,0,0,0,0,0,0,0,0,0,0,SYC
Singapore,0,0,0,0,0,0,0,0,0,0,SGP
Sint Maarten,0,0,0,0,0,0,0,0,0,0,SXM
Slovakia,0,0,0,0,0,0,0,0,0,0,SVK
Slovenia,0,0,0,0,0,0,0,0,0,0,SVN
Solomon Islands,0,0,0,0,0,0,0,0,0,0,SLB
South Africa,0,0,0,0,0,0,0,0,0,0,ZAF
Spain,0,0,0,0,0,0,0,0,0,0,ESP
Suriname,0,0,0,0,0,0,0,0,0,0,SUR
Swaziland,0,0,0,0,0,0,0,0,0,0,SWZ
Sweden,0,0,0,0,0,0,0,0,0,0,SWE
Switzerland,0,0,0,0,0,0,0,0,0,0,CHE
Taiwan,0,0,0,0,0,0,0,0,0,0,TWN
Tanzania,0,0,0,0,0,0,0,0,0,0,TZA
Thailand,0,0,0,0,0,0,0,0,0,0,THA
Timor-Leste,0,0,0,0,0,0,0,0,0,0,TLS
Tonga,0,0,0,0,0,0,0,0,0,0,TON
Trinidad and Tobago,0,0,0,0,0,0,0,0,0,0,TTO
Tunisia,0,0,0,0,0,0,0,0,0,0,TUN
Turkey,0,0,0,0,0,0,0,0,0,0,TUR
Turkmenistan,0,0,0,0,0,0,0,0,0,0,TKM
Tuvalu,0,0,0,0,0,0,0,0,0,0,TUV
United Arab Emirates,0,0,0,0,0,0,0,0,0,0,ARE
United Kingdom,0,0,0,0,0,0,0,0,0,0,GBR
United States,0,0,0,0,0,0,0,0,0,0,USA
Uruguay,0,0,0,0,0,0,0,0,0,0,URY
Vanuatu,0,0,0,0,0,0,0,0,0,0,VUT
Venezuela,0,0,0,0,0,0,0,0,0,0,VEN
Virgin Islands,0,0,0,0,0,0,0,0,0,0,VGB
West Bank,0,0,0,0,0,0,0,0,0,0,WBG
Zambia,0,0,0,0,0,0,0,0,0,0,ZMB
